{"cameraMode":{"drawMode":0,"name":"Shaded","section":"Shading Mode"},"sceneLighting":false,"audioPlay":false,"sceneViewState":{"m_AlwaysRefresh":false,"showFog":true,"showSkybox":false,"showFlares":true,"showImageEffects":true,"showParticleSystems":true,"showVisualEffectGraphs":true,"m_FxEnabled":true},"in2DMode":false,"pivot":{"x":6.963170528411865,"y":1.273236632347107,"z":6.336862087249756},"rotation":{"x":-0.0005635999259538949,"y":-0.9963048100471497,"z":-0.009580184705555439,"w":0.08665767312049866},"size":2.424375295639038,"orthographic":false}