{"cameraMode":{"drawMode":0,"name":"Shaded","section":"Shading Mode"},"sceneLighting":false,"audioPlay":false,"sceneViewState":{"m_AlwaysRefresh":false,"showFog":true,"showSkybox":false,"showFlares":true,"showImageEffects":true,"showParticleSystems":true,"showVisualEffectGraphs":true,"m_FxEnabled":true},"in2DMode":false,"pivot":{"x":0.7876997590065002,"y":3.1117091178894045,"z":4.798521995544434},"rotation":{"x":-0.40764036774635317,"y":-0.1892579048871994,"z":0.08712014555931092,"w":-0.8894734382629395},"size":3.3649933338165285,"orthographic":false}