{"cameraMode":{"drawMode":0,"name":"Shaded","section":"Shading Mode"},"sceneLighting":false,"audioPlay":false,"sceneViewState":{"m_AlwaysRefresh":false,"showFog":true,"showSkybox":false,"showFlares":true,"showImageEffects":true,"showParticleSystems":true,"showVisualEffectGraphs":true,"m_FxEnabled":true},"in2DMode":false,"pivot":{"x":8.246686935424805,"y":1.1904432773590088,"z":8.049842834472657},"rotation":{"x":0.000009927008250087965,"y":0.961066484451294,"z":-0.2781299650669098,"w":-0.019915150478482248},"size":3.537182092666626,"orthographic":false}