{"cameraMode":{"drawMode":0,"name":"Shaded","section":"Shading Mode"},"sceneLighting":true,"audioPlay":false,"sceneViewState":{"m_AlwaysRefresh":false,"showFog":true,"showSkybox":true,"showFlares":true,"showImageEffects":true,"showParticleSystems":true,"showVisualEffectGraphs":true,"m_FxEnabled":true},"in2DMode":false,"pivot":{"x":2.481682300567627,"y":1.4741334915161133,"z":30.6065731048584},"rotation":{"x":0.21744480729103089,"y":0.015505689196288586,"z":-0.003931744024157524,"w":0.9760701656341553},"size":7.662337303161621,"orthographic":false}