{"cameraMode":{"drawMode":0,"name":"Shaded","section":"Shading Mode"},"sceneLighting":true,"audioPlay":false,"sceneViewState":{"m_AlwaysRefresh":false,"showFog":true,"showSkybox":true,"showFlares":true,"showImageEffects":true,"showParticleSystems":true,"showVisualEffectGraphs":true,"m_FxEnabled":true},"in2DMode":false,"pivot":{"x":8.622386932373047,"y":10.650216102600098,"z":-10.307344436645508},"rotation":{"x":0.24058592319488526,"y":-0.7547103762626648,"z":0.45376014709472659,"w":0.4108520448207855},"size":7.371206760406494,"orthographic":false}