{"cameraMode":{"drawMode":0,"name":"Shaded","section":"Shading Mode"},"sceneLighting":true,"audioPlay":false,"sceneViewState":{"m_AlwaysRefresh":false,"showFog":true,"showSkybox":true,"showFlares":true,"showImageEffects":true,"showParticleSystems":true,"showVisualEffectGraphs":true,"m_FxEnabled":true},"in2DMode":false,"pivot":{"x":-3.5312674045562746,"y":-2.621079683303833,"z":21.66777801513672},"rotation":{"x":0.21638984978199006,"y":-0.06289476156234741,"z":0.012223492376506329,"w":0.9744548201560974},"size":12.715505599975586,"orthographic":false}