{"cameraMode":{"drawMode":0,"name":"Shaded","section":"Shading Mode"},"sceneLighting":true,"audioPlay":false,"sceneViewState":{"m_AlwaysRefresh":false,"showFog":true,"showSkybox":true,"showFlares":true,"showImageEffects":true,"showParticleSystems":true,"showVisualEffectGraphs":true,"m_FxEnabled":true},"in2DMode":false,"pivot":{"x":3.3509578704833986,"y":0.9315986633300781,"z":-8.114897727966309},"rotation":{"x":-0.08745266497135163,"y":0.8932580947875977,"z":-0.1967145800590515,"w":-0.39547619223594668},"size":5.3986992835998539,"orthographic":false}