{"cameraMode":{"drawMode":0,"name":"Shaded","section":"Shading Mode"},"sceneLighting":true,"audioPlay":false,"sceneViewState":{"m_AlwaysRefresh":false,"showFog":true,"showSkybox":true,"showFlares":true,"showImageEffects":true,"showParticleSystems":true,"showVisualEffectGraphs":true,"m_FxEnabled":true},"in2DMode":false,"pivot":{"x":23.74939727783203,"y":1.0199999809265137,"z":-0.23743581771850587},"rotation":{"x":-0.043108053505420688,"y":0.9548102617263794,"z":-0.2376290261745453,"w":-0.17348253726959229},"size":12.272008895874024,"orthographic":false}