{"cameraMode":{"drawMode":0,"name":"Shaded","section":"Shading Mode"},"sceneLighting":true,"audioPlay":false,"sceneViewState":{"m_AlwaysRefresh":false,"showFog":true,"showSkybox":true,"showFlares":true,"showImageEffects":true,"showParticleSystems":true,"showVisualEffectGraphs":true,"m_FxEnabled":true},"in2DMode":false,"pivot":{"x":5.276439666748047,"y":11.584113121032715,"z":16.335124969482423},"rotation":{"x":-0.009320602752268315,"y":-0.9294806718826294,"z":0.37084904313087466,"w":-0.009504527784883976},"size":-5.3044586181640629,"orthographic":false}