{"cameraMode":{"drawMode":0,"name":"Shaded","section":"Shading Mode"},"sceneLighting":true,"audioPlay":false,"sceneViewState":{"m_AlwaysRefresh":false,"showFog":true,"showSkybox":true,"showFlares":true,"showImageEffects":true,"showParticleSystems":true,"showVisualEffectGraphs":true,"m_FxEnabled":true},"in2DMode":false,"pivot":{"x":-3.2947943210601808,"y":5.4753289222717289,"z":-3.521462917327881},"rotation":{"x":-0.06845617294311524,"y":-0.9290060997009277,"z":0.28490525484085085,"w":-0.22698669135570527},"size":5.1247453689575199,"orthographic":false}