{"cameraMode":{"drawMode":0,"name":"Shaded","section":"Shading Mode"},"sceneLighting":false,"audioPlay":false,"sceneViewState":{"m_AlwaysRefresh":false,"showFog":true,"showSkybox":false,"showFlares":true,"showImageEffects":true,"showParticleSystems":true,"showVisualEffectGraphs":true,"m_FxEnabled":true},"in2DMode":false,"pivot":{"x":0.14400005340576173,"y":4.102147102355957,"z":0.11100004613399506},"rotation":{"x":-0.062317270785570148,"y":-0.19631130993366242,"z":-0.012503460049629212,"w":0.9784815311431885},"size":0.4679742157459259,"orthographic":false}